Iteration,PI_Approximation,Error,Time(s)
1,4.000000000000000,0.858407346410207,0.000000106
2,2.666666666666667,0.474925986923126,0.000013966
3,3.466666666666667,0.325074013076874,0.000015053
4,2.895238095238096,0.246354558351698,0.000015871
5,3.339682539682540,0.198089886092747,0.000016710
6,2.976046176046176,0.165546477543617,0.000017522
7,3.283738483738484,0.142145830148691,0.000018318
8,3.017071817071818,0.124520836517975,0.000019065
9,3.252365934718877,0.110773281129084,0.000019874
10,3.041839618929403,0.099753034660390,0.000020675
11,3.232315809405594,0.090723155815801,0.000021545
12,3.058402765927333,0.083189887662460,0.000022357
13,3.218402765927333,0.076810112337540,0.000023104
14,3.070254617779185,0.071338035810608,0.000023864
15,3.208185652261944,0.066592998672151,0.000024638
16,3.079153394197428,0.062439259392365,0.000025368
17,3.200365515409549,0.058772861819756,0.000026038
18,3.086079801123835,0.055512852465958,0.000026777
19,3.194187909231943,0.052595255642149,0.000027513
20,3.091623806667840,0.049968846921953,0.000028291
21,3.189184782277596,0.047592128687803,0.000028999
22,3.096161526463642,0.045431127126151,0.000029724
23,3.185050415352531,0.043457761762738,0.000030423
24,3.099944032373808,0.041648621215985,0.000031150
25,3.181576685435032,0.039984031845239,0.000031903
26,3.103145312886013,0.038447340703780,0.000032650
27,3.178617010999220,0.037024357409427,0.000033456
28,3.105889738271947,0.035702915317846,0.000034224
29,3.176065176868438,0.034472523278645,0.000034940
30,3.108268566698947,0.033324086890846,0.000035632
31,3.173842337190750,0.032249683600957,0.000036308
32,3.110350273698687,0.031242379891106,0.000037049
33,3.171888735237149,0.030296081647355,0.000037805
34,3.112187242699835,0.029405410889958,0.000038535
35,3.170158257192588,0.028565603602795,0.000039210
36,3.113820229023574,0.027772424566219,0.000039936
37,3.168614749571519,0.027022095981726,0.000040659
38,3.115281416238186,0.026311237351607,0.000041345
39,3.167229468186238,0.025636814596445,0.000042038
40,3.116596556793833,0.024996096795960,0.000042758
41,3.165979272843216,0.024386619253423,0.000043429
42,3.117786501758878,0.023806151830915,0.000044123
43,3.164845325288290,0.023252671698497,0.000044872
44,3.118868313794037,0.022724339795756,0.000045563
45,3.163812134018756,0.022219480428963,0.000046280
46,3.119856090062712,0.021736563527081,0.000046978
47,3.162866842750884,0.021274189161091,0.000047696
48,3.120761579592989,0.020831073996804,0.000048384
49,3.161998692995051,0.020406039405258,0.000049101
50,3.121594652591011,0.019998000998782,0.000049851
51,3.161198612987051,0.019605959397258,0.000050620
52,3.122363661530740,0.019228992059053,0.000051357
53,3.160458899625978,0.018866246036185,0.000052084
54,3.123075722055884,0.018516931533909,0.000052834
55,3.159772969762306,0.018180316172513,0.000053612
56,3.123736933726270,0.017855719863523,0.000054284
57,3.159135163814766,0.017542510224973,0.000054980
58,3.124352555119114,0.017240098470679,0.000055679
59,3.158540589307148,0.016947935717355,0.000056372
60,3.124927143928997,0.016665509660796,0.000057074
61,3.157984995168666,0.016392341578873,0.000057788
62,3.125464669965414,0.016127983624379,0.000058470
63,3.157464669965414,0.015872016375621,0.000059168
64,3.125968606973288,0.015624046616505,0.000059875
65,3.156976358911272,0.015383705321479,0.000060600
66,3.126442007766234,0.015150645823559,0.000061337
67,3.156517195736159,0.014924542146366,0.000062013
68,3.126887566106529,0.014705087483264,0.000062717
69,3.156084646398500,0.014491992808707,0.000063432
70,3.127307667981234,0.014284985608559,0.000064138
71,3.155676462307475,0.014083808717682,0.000064839
72,3.127704434335447,0.013888219254346,0.000065576
73,3.155290641231999,0.013697987642206,0.000066266
74,3.128079756878257,0.013512896711536,0.000066975
75,3.154925394462150,0.013332740872357,0.000067652
76,3.128435328236984,0.013157325352809,0.000068349
77,3.154579119086657,0.012986465496864,0.000069015
78,3.128772667473754,0.012819986116039,0.000069670
79,3.154250374480124,0.012657720890330,0.000070379
80,3.129093141775721,0.012499511814072,0.000071163
81,3.153937862272616,0.012345208682822,0.000082328
82,3.129397984972002,0.012194668617791,0.000083102
83,3.153640409214427,0.012047755624633,0.000083818
84,3.129688313406043,0.011904340183750,0.000084579
85,3.153356952459298,0.011764298869505,0.000085287
86,3.129965139593801,0.011627513995992,0.000085963
87,3.153086526877038,0.011493873287245,0.000086708
88,3.130229384019895,0.011363269569898,0.000087441
89,3.152828254076392,0.011235600486599,0.000088135
90,3.130481885361308,0.011110768228485,0.000088829
91,3.152581332875120,0.010988679285327,0.000089553
92,3.130723409377853,0.010869244211940,0.000090234
93,3.152345030999474,0.010752377409681,0.000090960
94,3.130954656667924,0.010637996921870,0.000091705
95,3.152118677831945,0.010526024242152,0.000092423
96,3.131176269454982,0.010416384134811,0.000093096
97,3.151901658056018,0.010309004466225,0.000093819
98,3.131388837543198,0.010203816046595,0.000094523
99,3.151693406071117,0.010100752481323,0.000095219
100,3.131592903558554,0.009999750031239,0.000095973
1000,3.140592653839794,0.000999999749999,0.000100034
2000,3.141092653621041,0.000499999968752,0.000104508
3000,3.141259320265719,0.000333333324074,0.000108904
4000,3.141342653593704,0.000249999996089,0.000113249
5000,3.141392653591791,0.000199999998002,0.000117571
6000,3.141425986924278,0.000166666665515,0.000121935
7000,3.141449796447657,0.000142857142136,0.000126278
8000,3.141467653590268,0.000124999999525,0.000130575
9000,3.141481542479009,0.000111111110784,0.000134928
10000,3.141492653590034,0.000099999999759,0.000139293
11000,3.141501744499059,0.000090909090734,0.000143708
12000,3.141509320256592,0.000083333333201,0.000148168
13000,3.141515730512976,0.000076923076818,0.000152494
14000,3.141521225018448,0.000071428571345,0.000156867
15000,3.141525986923194,0.000066666666600,0.000161218
16000,3.141530153589852,0.000062499999941,0.000165602
17000,3.141533830060433,0.000058823529360,0.000169973
18000,3.141537098034279,0.000055555555514,0.000174326
19000,3.141540022010884,0.000052631578909,0.000178779
20000,3.141542653589825,0.000049999999968,0.000183165
21000,3.141545034542202,0.000047619047591,0.000187515
22000,3.141547199044360,0.000045454545433,0.000191951
23000,3.141549175328941,0.000043478260852,0.000196326
24000,3.141550986923142,0.000041666666651,0.000200623
25000,3.141552653589803,0.000039999999990,0.000204978
26000,3.141554192051338,0.000038461538455,0.000209450
27000,3.141555616552766,0.000037037037027,0.000213852
28000,3.141556939304086,0.000035714285707,0.000218211
29000,3.141558170831176,0.000034482758617,0.000222576
30000,3.141559320256462,0.000033333333331,0.000226911
31000,3.141560395525285,0.000032258064508,0.000231269
32000,3.141561403589808,0.000031249999985,0.000235738
33000,3.141562350559502,0.000030303030291,0.000240087
34000,3.141563241825098,0.000029411764695,0.000244474
35000,3.141564082161233,0.000028571428560,0.000248798
36000,3.141564875812024,0.000027777777770,0.000253157
37000,3.141565626562774,0.000027027027020,0.000257539
38000,3.141566337800331,0.000026315789462,0.000261939
39000,3.141567012564165,0.000025641025628,0.000266320
40000,3.141567653589799,0.000024999999995,0.000270757
41000,3.141568263345893,0.000024390243901,0.000275097
42000,3.141568844065980,0.000023809523813,0.000279546
43000,3.141569397775837,0.000023255813956,0.000283919
44000,3.141569926317069,0.000022727272724,0.000288248
45000,3.141570431367571,0.000022222222222,0.000292592
46000,3.141570914459358,0.000021739130435,0.000296922
47000,3.141571376994049,0.000021276595744,0.000301272
48000,3.141571820256460,0.000020833333333,0.000305661
49000,3.141572245426523,0.000020408163270,0.000310033
50000,3.141572653589781,0.000020000000012,0.000314405
51000,3.141573045746646,0.000019607843147,0.000318804
52000,3.141573422820550,0.000019230769243,0.000323231
53000,3.141573785665252,0.000018867924541,0.000327583
54000,3.141574135071262,0.000018518518531,0.000331910
55000,3.141574471771597,0.000018181818196,0.000336265
56000,3.141574796446924,0.000017857142869,0.000340635
57000,3.141575109730130,0.000017543859663,0.000344994
58000,3.141575412210468,0.000017241379325,0.000353305
59000,3.141575704437233,0.000016949152560,0.000357871
60000,3.141575986923102,0.000016666666691,0.000362282
61000,3.141576260147141,0.000016393442652,0.000366614
62000,3.141576524557510,0.000016129032283,0.000371005
63000,3.141576780573896,0.000015873015897,0.000375428
64000,3.141577028589768,0.000015625000025,0.000410110
65000,3.141577268974376,0.000015384615418,0.000414949
66000,3.141577502074606,0.000015151515187,0.000419510
67000,3.141577728216621,0.000014925373172,0.000424020
68000,3.141577947707404,0.000014705882389,0.000428567
69000,3.141578160836144,0.000014492753649,0.000433116
70000,3.141578367875482,0.000014285714311,0.000437674
71000,3.141578569082728,0.000014084507065,0.000442207
72000,3.141578764700871,0.000013888888922,0.000446737
73000,3.141578954959614,0.000013698630179,0.000463592
74000,3.141579140076235,0.000013513513558,0.000467962
75000,3.141579320256422,0.000013333333372,0.000472341
76000,3.141579495695011,0.000013157894782,0.000476757
77000,3.141579666576759,0.000012987013034,0.000481123
78000,3.141579833076924,0.000012820512869,0.000485556
79000,3.141579995361896,0.000012658227897,0.000489884
80000,3.141580153589750,0.000012500000043,0.000494261
81000,3.141580307910736,0.000012345679057,0.000498661
82000,3.141580458467791,0.000012195122002,0.000503109
83000,3.141580605396969,0.000012048192824,0.000507524
84000,3.141580748827830,0.000011904761963,0.000511879
85000,3.141580888883847,0.000011764705946,0.000516232
86000,3.141581025682754,0.000011627907039,0.000520583
87000,3.141581159336861,0.000011494252932,0.000524982
88000,3.141581289953369,0.000011363636424,0.000529280
89000,3.141581417634680,0.000011235955113,0.000533640
90000,3.141581542478624,0.000011111111169,0.000538061
91000,3.141581664578744,0.000010989011050,0.000542473
92000,3.141581784024513,0.000010869565280,0.000546928
93000,3.141581900901559,0.000010752688234,0.000551285
94000,3.141582015291857,0.000010638297936,0.000555631
95000,3.141582127273938,0.000010526315855,0.000559985
96000,3.141582236923051,0.000010416666743,0.000564336
97000,3.141582344311364,0.000010309278429,0.000568746
98000,3.141582449508088,0.000010204081705,0.000573120
99000,3.141582552579623,0.000010101010170,0.000577543
100000,3.141582653589720,0.000010000000073,0.000581925
101000,3.141582752599625,0.000009900990168,0.000586431
102000,3.141582849668158,0.000009803921635,0.000590868
103000,3.141582944851869,0.000009708737924,0.000595268
104000,3.141583038205118,0.000009615384675,0.000599619
105000,3.141583129780210,0.000009523809583,0.000603985
106000,3.141583219627471,0.000009433962322,0.000608355
107000,3.141583307795343,0.000009345794450,0.000612687
108000,3.141583394330473,0.000009259259320,0.000617097
109000,3.141583479277804,0.000009174311989,0.000621484
110000,3.141583562680644,0.000009090909149,0.000625847
111000,3.141583644580723,0.000009009009070,0.000630212
112000,3.141583725018305,0.000008928571488,0.000634663
113000,3.141583804032206,0.000008849557587,0.000639038
114000,3.141583881659898,0.000008771929895,0.000643423
115000,3.141583957937549,0.000008695652244,0.000647794
116000,3.141584032900064,0.000008620689729,0.000652137
117000,3.141584106581176,0.000008547008617,0.000656529
118000,3.141584179013452,0.000008474576341,0.000660951
119000,3.141584250228388,0.000008403361405,0.000665314
120000,3.141584320256395,0.000008333333398,0.000669704
121000,3.141584389126915,0.000008264462878,0.000674036
122000,3.141584456868411,0.000008196721382,0.000678399
123000,3.141584523508426,0.000008130081367,0.000682768
124000,3.141584589073599,0.000008064516194,0.000687146
125000,3.141584653589728,0.000008000000065,0.000691560
126000,3.141584717081785,0.000007936508008,0.000695960
127000,3.141584779573984,0.000007874015810,0.000700438
128000,3.141584841089736,0.000007812500058,0.000704910
129000,3.141584901651751,0.000007751938042,0.000709356
130000,3.141584961282049,0.000007692307745,0.000713726
131000,3.141585020001957,0.000007633587836,0.000718121
132000,3.141585077832171,0.000007575757623,0.000722482
133000,3.141585134792752,0.000007518797041,0.000726871
134000,3.141585190903181,0.000007462686612,0.000735298
135000,3.141585246182340,0.000007407407453,0.000739680
136000,3.141585300648574,0.000007352941219,0.000744048
137000,3.141585354319682,0.000007299270111,0.000748418
138000,3.141585407212946,0.000007246376847,0.000752767
139000,3.141585459345156,0.000007194244637,0.000757127
140000,3.141585510732610,0.000007142857183,0.000761446
141000,3.141585561391174,0.000007092198619,0.000765821
142000,3.141585611336237,0.000007042253556,0.000770224
143000,3.141585660582760,0.000006993007033,0.000774559
144000,3.141585709145308,0.000006944444485,0.000778982
145000,3.141585757038022,0.000006896551771,0.000783332
146000,3.141585804274678,0.000006849315115,0.000787694
147000,3.141585850868659,0.000006802721134,0.000792030
148000,3.141585896832989,0.000006756756804,0.000796466
149000,3.141585942180346,0.000006711409447,0.000801244
150000,3.141585986923078,0.000006666666716,0.000805643
151000,3.141586031073186,0.000006622516607,0.000810015
152000,3.141586074642373,0.000006578947420,0.000814407
153000,3.141586117642033,0.000006535947760,0.000818762
154000,3.141586160083249,0.000006493506544,0.000823059
155000,3.141586201976830,0.000006451612963,0.000827468
156000,3.141586243333324,0.000006410256469,0.000831788
157000,3.141586284162980,0.000006369426813,0.000836147
158000,3.141586324475813,0.000006329113980,0.000840506
159000,3.141586364281566,0.000006289308228,0.000844862
160000,3.141586403589737,0.000006250000056,0.000849215
161000,3.141586442409625,0.000006211180168,0.000853572
162000,3.141586480750239,0.000006172839554,0.000857952
163000,3.141586518620417,0.000006134969376,0.000862320
164000,3.141586556028767,0.000006097561026,0.000866723
165000,3.141586592983682,0.000006060606111,0.000871107
166000,3.141586629493359,0.000006024096434,0.000875548
167000,3.141586665565799,0.000005988023994,0.000879885
168000,3.141586701208804,0.000005952380989,0.000884306
169000,3.141586736430003,0.000005917159791,0.000888687
170000,3.141586771236825,0.000005882352968,0.000893153
171000,3.141586805636549,0.000005847953244,0.000897466
172000,3.141586839636276,0.000005813953517,0.000901827
173000,3.141586873242944,0.000005780346849,0.000906166
174000,3.141586906463326,0.000005747126467,0.000910558
175000,3.141586939304052,0.000005714285741,0.000914929
176000,3.141586971771583,0.000005681818210,0.000919231
177000,3.141587003872257,0.000005649717536,0.000923694
178000,3.141587035612246,0.000005617977547,0.000928068
179000,3.141587066997598,0.000005586592195,0.000932419
180000,3.141587098034225,0.000005555555568,0.000936784
181000,3.141587128727906,0.000005524861887,0.000941115
182000,3.141587159084291,0.000005494505503,0.000945496
183000,3.141587189108908,0.000005464480885,0.000949897
184000,3.141587218807180,0.000005434782613,0.000954259
185000,3.141587248184381,0.000005405405412,0.000958621
186000,3.141587277245699,0.000005376344094,0.000963020
187000,3.141587305996199,0.000005347593594,0.000967395
188000,3.141587334440847,0.000005319148946,0.000971746
189000,3.141587362584492,0.000005291005301,0.000976123
190000,3.141587390431890,0.000005263157903,0.000980501
191000,3.141587417987689,0.000005235602104,0.000984902
192000,3.141587445256445,0.000005208333348,0.000989256
193000,3.141587472242625,0.000005181347168,0.000993624
194000,3.141587498950604,0.000005154639189,0.000997992
195000,3.141587525384653,0.000005128205140,0.001002345
196000,3.141587551548962,0.000005102040831,0.001006853
197000,3.141587577447646,0.000005076142147,0.001011307
198000,3.141587603084727,0.000005050505066,0.001015771
199000,3.141587628464141,0.000005025125652,0.001020209
200000,3.141587653589762,0.000005000000031,0.001024681
201000,3.141587678465382,0.000004975124411,0.001029057
202000,3.141587703094709,0.000004950495084,0.001033439
203000,3.141587727481381,0.000004926108412,0.001037884
204000,3.141587751628970,0.000004901960823,0.001042284
205000,3.141587775540972,0.000004878048821,0.001046693
206000,3.141587799220819,0.000004854368974,0.001051045
207000,3.141587822671876,0.000004830917917,0.001055414
208000,3.141587845897440,0.000004807692353,0.001061521
209000,3.141587868900751,0.000004784689042,0.001066002
210000,3.141587891684984,0.000004761904809,0.001070431
211000,3.141587914253255,0.000004739336538,0.001074839
212000,3.141587936608613,0.000004716981180,0.001079225
213000,3.141587958754064,0.000004694835730,0.001083656
214000,3.141587980692552,0.000004672897241,0.001088045
215000,3.141588002426960,0.000004651162834,0.001092421
216000,3.141588023960128,0.000004629629665,0.001096868
217000,3.141588045294828,0.000004608294965,0.001101211
218000,3.141588066433800,0.000004587155993,0.001105591
219000,3.141588087379722,0.000004566210071,0.001110013
220000,3.141588108135229,0.000004545454564,0.001114382
221000,3.141588128702895,0.000004524886899,0.001118766
222000,3.141588149085277,0.000004504504517,0.001123128
223000,3.141588169284841,0.000004484304952,0.001127535
224000,3.141588189304056,0.000004464285737,0.001131947
225000,3.141588209145330,0.000004444444463,0.001136325
226000,3.141588228811016,0.000004424778777,0.001140717
227000,3.141588248303437,0.000004405286356,0.001145128
228000,3.141588267624865,0.000004385964928,0.001149492
229000,3.141588286777548,0.000004366812245,0.001153847
230000,3.141588305763685,0.000004347826108,0.001158262
231000,3.141588324585443,0.000004329004350,0.001162674
232000,3.141588343244946,0.000004310344847,0.001167101
233000,3.141588361744277,0.000004291845516,0.001171502
234000,3.141588380085500,0.000004273504294,0.001175857
235000,3.141588398270621,0.000004255319172,0.001180324
236000,3.141588416301635,0.000004237288158,0.001184709
237000,3.141588434180490,0.000004219409303,0.001189044
238000,3.141588451909105,0.000004201680688,0.001193495
239000,3.141588469489362,0.000004184100431,0.001197867
240000,3.141588486923118,0.000004166666675,0.001202222
241000,3.141588504212185,0.000004149377608,0.001206591
242000,3.141588521358383,0.000004132231410,0.001210977
243000,3.141588538363449,0.000004115226344,0.001215424
244000,3.141588555229134,0.000004098360659,0.001219735
245000,3.141588571957137,0.000004081632656,0.001224075
246000,3.141588588549141,0.000004065040652,0.001228460
247000,3.141588605006786,0.000004048583007,0.001232889
248000,3.141588621331719,0.000004032258074,0.001237340
249000,3.141588637525521,0.000004016064272,0.001241729
250000,3.141588653589781,0.000004000000012,0.001246121
251000,3.141588669526031,0.000003984063762,0.001250459
252000,3.141588685335808,0.000003968253985,0.001254883
253000,3.141588701020612,0.000003952569181,0.001259209
254000,3.141588716581913,0.000003937007880,0.001263634
255000,3.141588732021165,0.000003921568628,0.001267980
256000,3.141588747339794,0.000003906249999,0.001272335
257000,3.141588762539205,0.000003891050588,0.001276664
258000,3.141588777620790,0.000003875969004,0.001281061
259000,3.141588792585923,0.000003861003870,0.001285517
260000,3.141588807435931,0.000003846153862,0.001289897
261000,3.141588822172155,0.000003831417638,0.001294304
262000,3.141588836795887,0.000003816793906,0.001298663
263000,3.141588851308414,0.000003802281379,0.001303008
264000,3.141588865710990,0.000003787878803,0.001307444
265000,3.141588880004877,0.000003773584916,0.001311864
266000,3.141588894191291,0.000003759398502,0.001316235
267000,3.141588908271433,0.000003745318360,0.001320576
268000,3.141588922246506,0.000003731343287,0.001324934
269000,3.141588936117663,0.000003717472130,0.001329243
270000,3.141588949886081,0.000003703703712,0.001333549
271000,3.141588963552884,0.000003690036909,0.001338007
272000,3.141588977119194,0.000003676470600,0.001342498
273000,3.141588990586117,0.000003663003676,0.001346943
274000,3.141589003954746,0.000003649635047,0.001351298
275000,3.141589017226149,0.000003636363644,0.001355697
276000,3.141589030401381,0.000003623188412,0.001360030
277000,3.141589043481480,0.000003610108313,0.001364436
278000,3.141589056467470,0.000003597122324,0.001368865
279000,3.141589069360384,0.000003584229409,0.001373263
280000,3.141589082161206,0.000003571428588,0.001377643
281000,3.141589094870916,0.000003558718877,0.001385676
282000,3.141589107490488,0.000003546099305,0.001390275
283000,3.141589120020877,0.000003533568916,0.001411831
284000,3.141589132463030,0.000003521126763,0.001416359
285000,3.141589144817862,0.000003508771931,0.001433413
286000,3.141589157086301,0.000003496503492,0.001437852
287000,3.141589169269247,0.000003484320546,0.001442214
288000,3.141589181367583,0.000003472222210,0.001446554
289000,3.141589193382189,0.000003460207604,0.001450887
290000,3.141589205313945,0.000003448275848,0.001455272
291000,3.141589217163685,0.000003436426108,0.001459635
292000,3.141589228932264,0.000003424657530,0.001464016
293000,3.141589240620513,0.000003412969280,0.001468484
294000,3.141589252229255,0.000003401360538,0.001472863
295000,3.141589263759293,0.000003389830500,0.001477240
296000,3.141589275211421,0.000003378378372,0.001481625
297000,3.141589286586432,0.000003367003361,0.001485969
298000,3.141589297885105,0.000003355704688,0.001490334
299000,3.141589309108200,0.000003344481593,0.001494729
300000,3.141589320256464,0.000003333333329,0.001499127
301000,3.141589331330664,0.000003322259130,0.001503548
302000,3.141589342331522,0.000003311258272,0.001508006
303000,3.141589353259772,0.000003300330021,0.001512374
304000,3.141589364116121,0.000003289473673,0.001516750
305000,3.141589374901276,0.000003278688518,0.001521191
306000,3.141589385615941,0.000003267973852,0.001525598
307000,3.141589396260811,0.000003257328983,0.001529947
308000,3.141589406836559,0.000003246753234,0.001534368
309000,3.141589417343855,0.000003236245938,0.001538720
310000,3.141589427783360,0.000003225806434,0.001543078
311000,3.141589438155725,0.000003215434068,0.001547926
312000,3.141589448461597,0.000003205128196,0.001552304
313000,3.141589458701617,0.000003194888176,0.001556663
314000,3.141589468876424,0.000003184713369,0.001561028
315000,3.141589478986621,0.000003174603172,0.001565387
316000,3.141589489032832,0.000003164556961,0.001569711
317000,3.141589499015657,0.000003154574136,0.001574021
318000,3.141589508935711,0.000003144654082,0.001578402
319000,3.141589518793551,0.000003134796242,0.001582745
320000,3.141589528589785,0.000003125000008,0.001587088
321000,3.141589538324987,0.000003115264806,0.001591522
322000,3.141589547999727,0.000003105590066,0.001595974
323000,3.141589557614547,0.000003095975246,0.001600360
324000,3.141589567170032,0.000003086419762,0.001604847
325000,3.141589576666704,0.000003076923089,0.001609295
326000,3.141589586105109,0.000003067484684,0.001613661
327000,3.141589595485800,0.000003058103993,0.001618063
328000,3.141589604809292,0.000003048780501,0.001622495
329000,3.141589614076103,0.000003039513690,0.001626886
330000,3.141589623286755,0.000003030303038,0.001631284
331000,3.141589632441752,0.000003021148041,0.001635616
332000,3.141589641541592,0.000003012048201,0.001639980
333000,3.141589650586785,0.000003003003008,0.001644421
334000,3.141589659577817,0.000002994011977,0.001648810
335000,3.141589668515161,0.000002985074632,0.001653279
336000,3.141589677399314,0.000002976190479,0.001657641
337000,3.141589686230740,0.000002967359054,0.001661984
338000,3.141589695009900,0.000002958579894,0.001666448
339000,3.141589703737277,0.000002949852516,0.001670878
340000,3.141589712413311,0.000002941176482,0.001675305
341000,3.141589721038460,0.000002932551333,0.001679664
342000,3.141589729613167,0.000002923976626,0.001683994
343000,3.141589738137881,0.000002915451912,0.001688360
344000,3.141589746613026,0.000002906976767,0.001692709
345000,3.141589755039046,0.000002898550747,0.001697078
346000,3.141589763416354,0.000002890173439,0.001701514
347000,3.141589771745384,0.000002881844409,0.001705909
348000,3.141589780026548,0.000002873563245,0.001710295
349000,3.141589788260251,0.000002865329542,0.001714729
350000,3.141589796446902,0.000002857142891,0.001719121
351000,3.141589804586914,0.000002849002879,0.001723453
352000,3.141589812680683,0.000002840909110,0.001727797
353000,3.141589820728585,0.000002832861208,0.001732155
354000,3.141589828731013,0.000002824858780,0.001736515
355000,3.141589836688359,0.000002816901434,0.001740867
356000,3.141589844601000,0.000002808988794,0.001745294
357000,3.141589852469314,0.000002801120479,0.001751499
358000,3.141589860293672,0.000002793296121,0.001755979
359000,3.141589868074445,0.000002785515349,0.001760384
360000,3.141589875811985,0.000002777777808,0.001764829
361000,3.141589883506664,0.000002770083129,0.001769207
362000,3.141589891158826,0.000002762430967,0.001773632
363000,3.141589898768831,0.000002754820962,0.001778046
364000,3.141589906337016,0.000002747252777,0.001782461
365000,3.141589913863738,0.000002739726055,0.001786918
366000,3.141589921349328,0.000002732240465,0.001791283
367000,3.141589928794125,0.000002724795668,0.001795700
368000,3.141589936198459,0.000002717391334,0.001800105
369000,3.141589943562661,0.000002710027132,0.001804498
370000,3.141589950887058,0.000002702702735,0.001808922
371000,3.141589958171967,0.000002695417826,0.001813307
372000,3.141589965417709,0.000002688172084,0.001817679
373000,3.141589972624604,0.000002680965189,0.001822093
374000,3.141589979792957,0.000002673796836,0.001826447
375000,3.141589986923080,0.000002666666713,0.001830796
376000,3.141589994015280,0.000002659574513,0.001835264
377000,3.141590001069853,0.000002652519940,0.001839632
378000,3.141590008087104,0.000002645502689,0.001844031
379000,3.141590015067317,0.000002638522476,0.001848393
380000,3.141590022010799,0.000002631578994,0.001852777
381000,3.141590028917835,0.000002624671958,0.001857123
382000,3.141590035788703,0.000002617801090,0.001861493
383000,3.141590042623692,0.000002610966101,0.001865932
384000,3.141590049423086,0.000002604166708,0.001870325
385000,3.141590056187148,0.000002597402645,0.001874748
386000,3.141590062916163,0.000002590673630,0.001879085
387000,3.141590069610418,0.000002583979375,0.001883463
388000,3.141590076270156,0.000002577319637,0.001887850
389000,3.141590082895657,0.000002570694136,0.001892263
390000,3.141590089487184,0.000002564102609,0.001896623
391000,3.141590096044991,0.000002557544802,0.001901017
392000,3.141590102569338,0.000002551020455,0.001905388
393000,3.141590109060483,0.000002544529310,0.001909770
394000,3.141590115518678,0.000002538071115,0.001914200
395000,3.141590121944169,0.000002531645624,0.001918610
396000,3.141590128337215,0.000002525252578,0.001922943
397000,3.141590134698054,0.000002518891739,0.001927264
398000,3.141590141026928,0.000002512562865,0.001931669
399000,3.141590147324079,0.000002506265714,0.001936046
400000,3.141590153589744,0.000002500000049,0.001940400
401000,3.141590159824160,0.000002493765633,0.001944826
402000,3.141590166027556,0.000002487562237,0.001949233
403000,3.141590172200160,0.000002481389633,0.001953610
404000,3.141590178342209,0.000002475247584,0.001958032
405000,3.141590184453930,0.000002469135863,0.001962411
406000,3.141590190535541,0.000002463054252,0.001966802
407000,3.141590196587267,0.000002457002526,0.001971179
408000,3.141590202609330,0.000002450980463,0.001975526
409000,3.141590208601951,0.000002444987842,0.001979931
410000,3.141590214565332,0.000002439024461,0.001984302
411000,3.141590220499697,0.000002433090096,0.001988701
412000,3.141590226405251,0.000002427184542,0.001993128
413000,3.141590232282211,0.000002421307582,0.001997471
414000,3.141590238130772,0.000002415459021,0.002001795
415000,3.141590243951156,0.000002409638637,0.002006221
416000,3.141590249743553,0.000002403846240,0.002010615
417000,3.141590255508173,0.000002398081620,0.002015004
418000,3.141590261245211,0.000002392344582,0.002019423
419000,3.141590266954867,0.000002386634926,0.002023839
420000,3.141590272637330,0.000002380952463,0.002028183
421000,3.141590278292793,0.000002375297000,0.002032596
422000,3.141590283921460,0.000002369668333,0.002036970
423000,3.141590289523512,0.000002364066281,0.002041311
424000,3.141590295099132,0.000002358490661,0.002045661
425000,3.141590300648520,0.000002352941273,0.002050028
426000,3.141590306171854,0.000002347417940,0.002054445
427000,3.141590311669324,0.000002341920469,0.002058814
428000,3.141590317141104,0.000002336448689,0.002063135
429000,3.141590322587370,0.000002331002423,0.002067492
430000,3.141590328008300,0.000002325581493,0.002071905
431000,3.141590333404078,0.000002320185715,0.002077943
432000,3.141590338774891,0.000002314814902,0.002082471
433000,3.141590344120888,0.000002309468905,0.002086871
434000,3.141590349442242,0.000002304147551,0.002091230
435000,3.141590354739126,0.000002298850668,0.002095615
436000,3.141590360011719,0.000002293578074,0.002100001
437000,3.141590365260182,0.000002288329611,0.002104472
438000,3.141590370484679,0.000002283105114,0.002108874
439000,3.141590375685378,0.000002277904415,0.002113247
440000,3.141590380862446,0.000002272727347,0.002117590
441000,3.141590386016025,0.000002267573768,0.002121923
442000,3.141590391146279,0.000002262443514,0.002126279
443000,3.141590396253372,0.000002257336421,0.002130625
444000,3.141590401337465,0.000002252252328,0.002135001
445000,3.141590406398711,0.000002247191082,0.002139358
446000,3.141590411437250,0.000002242152543,0.002143745
447000,3.141590416453258,0.000002237136535,0.002148089
448000,3.141590421446874,0.000002232142919,0.002152413
449000,3.141590426418237,0.000002227171557,0.002156738
450000,3.141590431367503,0.000002222222290,0.002161113
451000,3.141590436294827,0.000002217294966,0.002165505
452000,3.141590441200352,0.000002212389441,0.002169895
453000,3.141590446084216,0.000002207505577,0.002174249
454000,3.141590450946565,0.000002202643228,0.002178627
455000,3.141590455787537,0.000002197802256,0.002182986
456000,3.141590460607278,0.000002192982515,0.002187345
457000,3.141590465405926,0.000002188183867,0.002191724
458000,3.141590470183615,0.000002183406179,0.002196071
459000,3.141590474940488,0.000002178649305,0.002200503
460000,3.141590479676691,0.000002173913102,0.002204900
461000,3.141590484392341,0.000002169197452,0.002209322
462000,3.141590489087575,0.000002164502218,0.002213652
463000,3.141590493762521,0.000002159827272,0.002217999
464000,3.141590498417328,0.000002155172465,0.002222340
465000,3.141590503052105,0.000002150537688,0.002226714
466000,3.141590507666984,0.000002145922809,0.002231137
467000,3.141590512262105,0.000002141327688,0.002235516
468000,3.141590516837601,0.000002136752192,0.002239923
469000,3.141590521393574,0.000002132196219,0.002244268
470000,3.141590525930156,0.000002127659637,0.002248635
471000,3.141590530447480,0.000002123142313,0.002253048
472000,3.141590534945661,0.000002118644132,0.002257452
473000,3.141590539424818,0.000002114164975,0.002261793
474000,3.141590543885073,0.000002109704720,0.002266191
475000,3.141590548326559,0.000002105263234,0.002270581
476000,3.141590552749383,0.000002100840410,0.002274931
477000,3.141590557153655,0.000002096436138,0.002279282
478000,3.141590561539507,0.000002092050286,0.002283618
479000,3.141590565907040,0.000002087682753,0.002288033
480000,3.141590570256377,0.000002083333416,0.002292440
481000,3.141590574587630,0.000002079002163,0.002296812
482000,3.141590578900914,0.000002074688879,0.002301193
483000,3.141590583196330,0.000002070393463,0.002305577
484000,3.141590587474000,0.000002066115794,0.002309940
485000,3.141590591734027,0.000002061855766,0.002314372
486000,3.141590595976526,0.000002057613267,0.002318707
487000,3.141590600201605,0.000002053388188,0.002323011
488000,3.141590604409368,0.000002049180425,0.002327396
489000,3.141590608599917,0.000002044989877,0.002331750
490000,3.141590612773368,0.000002040816425,0.002336211
491000,3.141590616929814,0.000002036659979,0.002340584
492000,3.141590621069364,0.000002032520429,0.002344932
493000,3.141590625192128,0.000002028397665,0.002349294
494000,3.141590629298194,0.000002024291599,0.002353624
495000,3.141590633387677,0.000002020202116,0.002357936
496000,3.141590637460665,0.000002016129128,0.002362411
497000,3.141590641517261,0.000002012072532,0.002366780
498000,3.141590645557567,0.000002008032226,0.002371218
499000,3.141590649581682,0.000002004008111,0.002375582
500000,3.141590653589692,0.000002000000101,0.002382791
501000,3.141590657581713,0.000001996008081,0.002387363
502000,3.141590661557817,0.000001992031976,0.002406044
503000,3.141590665518120,0.000001988071673,0.002410603
504000,3.141590669462703,0.000001984127090,0.002415119
505000,3.141590673391674,0.000001980198119,0.002419577
506000,3.141590677305104,0.000001976284689,0.002438978
507000,3.141590681203105,0.000001972386688,0.002443368
508000,3.141590685085755,0.000001968504038,0.002447712
509000,3.141590688953151,0.000001964636642,0.002452079
510000,3.141590692805378,0.000001960784415,0.002456383
511000,3.141590696642529,0.000001956947264,0.002460732
512000,3.141590700464697,0.000001953125096,0.002465034
513000,3.141590704271959,0.000001949317834,0.002469407
514000,3.141590708064399,0.000001945525395,0.002473717
515000,3.141590711842121,0.000001941747672,0.002478085
516000,3.141590715605195,0.000001937984598,0.002482443
517000,3.141590719353714,0.000001934236079,0.002486789
518000,3.141590723087756,0.000001930502037,0.002491153
519000,3.141590726807411,0.000001926782383,0.002495527
520000,3.141590730512757,0.000001923077036,0.002499935
521000,3.141590734203886,0.000001919385908,0.002504328
522000,3.141590737880867,0.000001915708927,0.002508770
523000,3.141590741543791,0.000001912046002,0.002513187
524000,3.141590745192737,0.000001908397056,0.002517565
525000,3.141590748827784,0.000001904762009,0.002521912
526000,3.141590752449004,0.000001901140789,0.002526266
527000,3.141590756056479,0.000001897533314,0.002530647
528000,3.141590759650286,0.000001893939507,0.002535037
529000,3.141590763230518,0.000001890359275,0.002539383
530000,3.141590766797230,0.000001886792563,0.002543811
531000,3.141590770350507,0.000001883239286,0.002548198
532000,3.141590773890434,0.000001879699359,0.002552582
533000,3.141590777417076,0.000001876172717,0.002556975
534000,3.141590780930508,0.000001872659285,0.002561339
535000,3.141590784430804,0.000001869158989,0.002565770
536000,3.141590787918038,0.000001865671755,0.002570152
537000,3.141590791392290,0.000001862197503,0.002574559
538000,3.141590794853617,0.000001858736176,0.002578997
539000,3.141590798302108,0.000001855287685,0.002583356
540000,3.141590801737830,0.000001851851963,0.002587779
541000,3.141590805160846,0.000001848428947,0.002592138
542000,3.141590808571229,0.000001845018565,0.002596543
543000,3.141590811969048,0.000001841620745,0.002600983
544000,3.141590815354384,0.000001838235409,0.002605371
545000,3.141590818727294,0.000001834862499,0.002609710
546000,3.141590822087849,0.000001831501944,0.002614132
547000,3.141590825436116,0.000001828153677,0.002618481
548000,3.141590828772162,0.000001824817631,0.002622805
549000,3.141590832096051,0.000001821493742,0.002627185
550000,3.141590835407861,0.000001818181932,0.002631558
551000,3.141590838707650,0.000001814882143,0.002635917
552000,3.141590841995482,0.000001811594311,0.002640265
553000,3.141590845271422,0.000001808318371,0.002644583
554000,3.141590848535539,0.000001805054254,0.002648971
555000,3.141590851787893,0.000001801801900,0.002653366
556000,3.141590855028542,0.000001798561251,0.002657782
557000,3.141590858257559,0.000001795332234,0.002662144
558000,3.141590861474999,0.000001792114794,0.002666519
559000,3.141590864680924,0.000001788908869,0.002670842
560000,3.141590867875399,0.000001785714394,0.002675218
561000,3.141590871058486,0.000001782531307,0.002679587
562000,3.141590874230253,0.000001779359540,0.002683962
563000,3.141590877390754,0.000001776199039,0.002688395
564000,3.141590880540039,0.000001773049755,0.002692774
565000,3.141590883678180,0.000001769911613,0.002697217
566000,3.141590886805241,0.000001766784552,0.002701589
567000,3.141590889921275,0.000001763668518,0.002706018
568000,3.141590893026320,0.000001760563473,0.002710414
569000,3.141590896120447,0.000001757469346,0.002714813
570000,3.141590899203722,0.000001754386072,0.002719202
571000,3.141590902276202,0.000001751313591,0.002723634
572000,3.141590905337934,0.000001748251859,0.002728031
573000,3.141590908388989,0.000001745200804,0.002732397
574000,3.141590911429410,0.000001742160384,0.002736858
575000,3.141590914459256,0.000001739130537,0.002741245
576000,3.141590917478581,0.000001736111213,0.002745579
577000,3.141590920487438,0.000001733102355,0.002749968
578000,3.141590923485885,0.000001730103908,0.002754308
579000,3.141590926473979,0.000001727115814,0.002758713
580000,3.141590929451757,0.000001724138036,0.002764727
581000,3.141590932419296,0.000001721170497,0.002769144
582000,3.141590935376632,0.000001718213162,0.002773501
583000,3.141590938323820,0.000001715265973,0.002777924
584000,3.141590941260922,0.000001712328872,0.002782287
585000,3.141590944187971,0.000001709401822,0.002786680
586000,3.141590947105037,0.000001706484756,0.002791093
587000,3.141590950012169,0.000001703577624,0.002795500
588000,3.141590952909406,0.000001700680387,0.002799928
589000,3.141590955796806,0.000001697792987,0.002804327
590000,3.141590958674414,0.000001694915379,0.002808738
591000,3.141590961542293,0.000001692047500,0.002813130
592000,3.141590964400487,0.000001689189306,0.002817490
593000,3.141590967249037,0.000001686340756,0.002821861
594000,3.141590970087995,0.000001683501798,0.002826179
595000,3.141590972917412,0.000001680672381,0.002830556
596000,3.141590975737335,0.000001677852458,0.002834964
597000,3.141590978547807,0.000001675041986,0.002839346
598000,3.141590981348878,0.000001672240915,0.002843734
599000,3.141590984140599,0.000001669449194,0.002848115
600000,3.141590986923015,0.000001666666778,0.002852482
601000,3.141590989696171,0.000001663893622,0.002856847
602000,3.141590992460111,0.000001661129682,0.002861200
603000,3.141590995214892,0.000001658374901,0.002865637
604000,3.141590997960550,0.000001655629243,0.002869957
605000,3.141591000697130,0.000001652892663,0.002874314
606000,3.141591003424676,0.000001650165117,0.002878740
607000,3.141591006143236,0.000001647446557,0.002883160
608000,3.141591008852850,0.000001644736943,0.002887537
609000,3.141591011553573,0.000001642036220,0.002891893
610000,3.141591014245439,0.000001639344354,0.002896234
611000,3.141591016928485,0.000001636661308,0.002900637
612000,3.141591019602770,0.000001633987023,0.002905123
613000,3.141591022268330,0.000001631321463,0.002909516
614000,3.141591024925202,0.000001628664591,0.002913885
615000,3.141591027573434,0.000001626016359,0.002918262
616000,3.141591030213072,0.000001623376721,0.002922594
617000,3.141591032844146,0.000001620745647,0.002926972
618000,3.141591035466712,0.000001618123081,0.002931373
619000,3.141591038080805,0.000001615508988,0.002935713
620000,3.141591040686460,0.000001612903333,0.002940070
621000,3.141591043283733,0.000001610306060,0.002944511
622000,3.141591045872651,0.000001607717142,0.002948921
623000,3.141591048453255,0.000001605136538,0.002953271
624000,3.141591051025587,0.000001602564206,0.002957693
625000,3.141591053589690,0.000001600000103,0.002962062
626000,3.141591056145602,0.000001597444192,0.002966471
627000,3.141591058693358,0.000001594896435,0.002970898
628000,3.141591061233000,0.000001592356794,0.002975267
629000,3.141591063764568,0.000001589825225,0.002979689
630000,3.141591066288101,0.000001587301692,0.002984032
631000,3.141591068803635,0.000001584786158,0.002988458
632000,3.141591071311213,0.000001582278581,0.002992853
633000,3.141591073810865,0.000001579778929,0.002997220
634000,3.141591076302630,0.000001577287163,0.003001634
635000,3.141591078786547,0.000001574803246,0.003006057
636000,3.141591081262649,0.000001572327144,0.003010439
637000,3.141591083730977,0.000001569858816,0.003014769
638000,3.141591086191569,0.000001567398224,0.003019186
639000,3.141591088644466,0.000001564945327,0.003023531
640000,3.141591091089697,0.000001562500096,0.003027903
641000,3.141591093527297,0.000001560062497,0.003032328
642000,3.141591095957293,0.000001557632500,0.003036734
643000,3.141591098379736,0.000001555210057,0.003041087
644000,3.141591100794664,0.000001552795129,0.003045522
645000,3.141591103202102,0.000001550387691,0.003049895
646000,3.141591105602079,0.000001547987714,0.003054298
647000,3.141591107994644,0.000001545595149,0.003058691
648000,3.141591110379822,0.000001543209971,0.003063081
649000,3.141591112757645,0.000001540832148,0.003067453
650000,3.141591115128161,0.000001538461632,0.003071828
651000,3.141591117491391,0.000001536098402,0.003076210
652000,3.141591119847370,0.000001533742423,0.003080638
653000,3.141591122196130,0.000001531393663,0.003084990
654000,3.141591124537709,0.000001529052084,0.003089337
655000,3.141591126872135,0.000001526717658,0.003095466
656000,3.141591129199448,0.000001524390346,0.003099891
657000,3.141591131519679,0.000001522070114,0.003104300
658000,3.141591133832856,0.000001519756937,0.003108787
659000,3.141591136139005,0.000001517450788,0.003113625
660000,3.141591138438172,0.000001515151622,0.003118015
661000,3.141591140730386,0.000001512859407,0.003122365
662000,3.141591143015671,0.000001510574122,0.003126721
663000,3.141591145294069,0.000001508295724,0.003131092
664000,3.141591147565595,0.000001506024198,0.003135468
665000,3.141591149830295,0.000001503759498,0.003139817
666000,3.141591152088199,0.000001501501595,0.003144183
667000,3.141591154339318,0.000001499250475,0.003148595
668000,3.141591156583704,0.000001497006089,0.003152958
669000,3.141591158821376,0.000001494768417,0.003157355
670000,3.141591161052371,0.000001492537422,0.003161704
671000,3.141591163276715,0.000001490313078,0.003166075
672000,3.141591165494444,0.000001488095349,0.003170506
673000,3.141591167705585,0.000001485884208,0.003174927
674000,3.141591169910160,0.000001483679633,0.003179326
675000,3.141591172108206,0.000001481481587,0.003183714
676000,3.141591174299746,0.000001479290047,0.003188088
677000,3.141591176484809,0.000001477104984,0.003192502
678000,3.141591178663430,0.000001474926363,0.003196850
679000,3.141591180835638,0.000001472754155,0.003201293
680000,3.141591183001454,0.000001470588340,0.003205662
681000,3.141591185160904,0.000001468428889,0.003210102
682000,3.141591187314028,0.000001466275765,0.003214517
683000,3.141591189460848,0.000001464128945,0.003218894
684000,3.141591191601389,0.000001461988404,0.003223293
685000,3.141591193735674,0.000001459854119,0.003227692
686000,3.141591195863740,0.000001457726053,0.003232095
687000,3.141591197985614,0.000001455604179,0.003236454
688000,3.141591200101328,0.000001453488466,0.003240827
689000,3.141591202210886,0.000001451378907,0.003245223
690000,3.141591204314336,0.000001449275457,0.003249592
691000,3.141591206411686,0.000001447178107,0.003253961
692000,3.141591208502984,0.000001445086809,0.003258348
693000,3.141591210588241,0.000001443001552,0.003262762
694000,3.141591212667497,0.000001440922297,0.003267141
695000,3.141591214740768,0.000001438849025,0.003271568
696000,3.141591216808083,0.000001436781710,0.003275945
697000,3.141591218869466,0.000001434720327,0.003280277
698000,3.141591220924934,0.000001432664859,0.003284636
699000,3.141591222974525,0.000001430615268,0.003288956
700000,3.141591225018261,0.000001428571532,0.003293368
701000,3.141591227056167,0.000001426533626,0.003297700
702000,3.141591229088268,0.000001424501525,0.003302085
703000,3.141591231114581,0.000001422475212,0.003306516
704000,3.141591233135137,0.000001420454656,0.003310899
705000,3.141591235149968,0.000001418439825,0.003315260
706000,3.141591237159093,0.000001416430700,0.003319650
707000,3.141591239162534,0.000001414427259,0.003324066
708000,3.141591241160304,0.000001412429489,0.003328408
709000,3.141591243152448,0.000001410437345,0.003332851
710000,3.141591245138981,0.000001408450812,0.003337228
711000,3.141591247119921,0.000001406469872,0.003341576
712000,3.141591249095307,0.000001404494486,0.003345927
713000,3.141591251065143,0.000001402524650,0.003350315
714000,3.141591253029459,0.000001400560334,0.003354716
715000,3.141591254988280,0.000001398601513,0.003359148
716000,3.141591256941629,0.000001396648164,0.003363504
717000,3.141591258889540,0.000001394700254,0.003367853
718000,3.141591260832019,0.000001392757774,0.003372232
719000,3.141591262769093,0.000001390820700,0.003376626
720000,3.141591264700788,0.000001388889006,0.003383260
721000,3.141591266627128,0.000001386962665,0.003387876
722000,3.141591268548129,0.000001385041664,0.003406418
723000,3.141591270463822,0.000001383125971,0.003410972
724000,3.141591272374215,0.000001381215578,0.003415568
725000,3.141591274279337,0.000001379310456,0.003420084
726000,3.141591276179215,0.000001377410578,0.003437053
727000,3.141591278073865,0.000001375515928,0.003441429
728000,3.141591279963311,0.000001373626482,0.003445808
729000,3.141591281847571,0.000001371742222,0.003452682
730000,3.141591283726671,0.000001369863122,0.003457113
731000,3.141591285600630,0.000001367989163,0.003461456
732000,3.141591287469473,0.000001366120320,0.003465749
733000,3.141591289333210,0.000001364256583,0.003470086
734000,3.141591291191869,0.000001362397924,0.003474502
735000,3.141591293045474,0.000001360544319,0.003478834
736000,3.141591294894043,0.000001358695750,0.003483206
737000,3.141591296737596,0.000001356852197,0.003487609
738000,3.141591298576143,0.000001355013650,0.003491992
739000,3.141591300409726,0.000001353180067,0.003496349
740000,3.141591302238353,0.000001351351440,0.003500714
741000,3.141591304062034,0.000001349527759,0.003505133
742000,3.141591305880798,0.000001347708995,0.003509514
743000,3.141591307694676,0.000001345895117,0.003513877
744000,3.141591309503676,0.000001344086117,0.003518257
745000,3.141591311307816,0.000001342281977,0.003522660
746000,3.141591313107120,0.000001340482673,0.003526999
747000,3.141591314901608,0.000001338688185,0.003531408
748000,3.141591316691295,0.000001336898499,0.003535750
749000,3.141591318476206,0.000001335113587,0.003540154
750000,3.141591320256358,0.000001333333435,0.003544506
751000,3.141591322031772,0.000001331558021,0.003548808
752000,3.141591323802467,0.000001329787326,0.003553207
753000,3.141591325568453,0.000001328021340,0.003557534
754000,3.141591327329756,0.000001326260037,0.003561905
755000,3.141591329086391,0.000001324503403,0.003566264
756000,3.141591330838386,0.000001322751407,0.003570679
757000,3.141591332585741,0.000001321004052,0.003575076
758000,3.141591334328493,0.000001319261300,0.003579453
759000,3.141591336066649,0.000001317523144,0.003583831
760000,3.141591337800223,0.000001315789570,0.003588174
761000,3.141591339529253,0.000001314060540,0.003592556
762000,3.141591341253744,0.000001312336050,0.003596916
763000,3.141591342973713,0.000001310616080,0.003601320
764000,3.141591344689179,0.000001308900614,0.003605783
765000,3.141591346400165,0.000001307189628,0.003610182
766000,3.141591348106680,0.000001305483114,0.003614550
767000,3.141591349808744,0.000001303781049,0.003618943
768000,3.141591351506371,0.000001302083422,0.003623284
769000,3.141591353199582,0.000001300390211,0.003627608
770000,3.141591354888396,0.000001298701398,0.003632013
771000,3.141591356572835,0.000001297016958,0.003636450
772000,3.141591358252912,0.000001295336881,0.003640761
773000,3.141591359928641,0.000001293661152,0.003645101
774000,3.141591361600039,0.000001291989754,0.003649478
775000,3.141591363267115,0.000001290322678,0.003653763
776000,3.141591364929904,0.000001288659889,0.003658183
777000,3.141591366588414,0.000001287001379,0.003662526
778000,3.141591368242665,0.000001285347128,0.003666838
779000,3.141591369892663,0.000001283697130,0.003671192
780000,3.141591371538428,0.000001282051366,0.003675572
781000,3.141591373179975,0.000001280409818,0.003679908
782000,3.141591374817327,0.000001278772466,0.003684282
783000,3.141591376450499,0.000001277139294,0.003688652
784000,3.141591378079503,0.000001275510290,0.003692985
785000,3.141591379704362,0.000001273885431,0.003697491
786000,3.141591381325081,0.000001272264712,0.003701862
787000,3.141591382941685,0.000001270648108,0.003706226
788000,3.141591384554180,0.000001269035613,0.003710683
789000,3.141591386162587,0.000001267427206,0.003715097
790000,3.141591387766925,0.000001265822868,0.003719478
791000,3.141591389367209,0.000001264222584,0.003723807
792000,3.141591390963445,0.000001262626348,0.003728220
793000,3.141591392555660,0.000001261034133,0.003732576
794000,3.141591394143870,0.000001259445924,0.003736958
795000,3.141591395728079,0.000001257861714,0.003741386
796000,3.141591397308312,0.000001256281481,0.003745721
797000,3.141591398884570,0.000001254705223,0.003750109
798000,3.141591400456875,0.000001253132918,0.003754480
799000,3.141591402025257,0.000001251564536,0.003758850
800000,3.141591403589717,0.000001250000076,0.003763254
801000,3.141591405150265,0.000001248439528,0.003767626
802000,3.141591406706926,0.000001246882867,0.003771999
803000,3.141591408259705,0.000001245330088,0.003776417
804000,3.141591409808625,0.000001243781168,0.003782672
805000,3.141591411353694,0.000001242236099,0.003787079
806000,3.141591412894932,0.000001240694862,0.003791476
807000,3.141591414432358,0.000001239157435,0.003795900
808000,3.141591415965971,0.000001237623822,0.003800303
809000,3.141591417495782,0.000001236094011,0.003804700
810000,3.141591419021818,0.000001234567975,0.003809112
811000,3.141591420544100,0.000001233045693,0.003813438
812000,3.141591422062625,0.000001231527168,0.003817832
813000,3.141591423577421,0.000001230012372,0.003822177
814000,3.141591425088484,0.000001228501309,0.003826559
815000,3.141591426595844,0.000001226993949,0.003830967
816000,3.141591428099515,0.000001225490278,0.003835332
817000,3.141591429599503,0.000001223990290,0.003839724
818000,3.141591431095824,0.000001222493970,0.003844120
819000,3.141591432588493,0.000001221001300,0.003848552
820000,3.141591434077514,0.000001219512279,0.003852914
821000,3.141591435562908,0.000001218026885,0.003857269
822000,3.141591437044692,0.000001216545101,0.003861629
823000,3.141591438522878,0.000001215066915,0.003866020
824000,3.141591439997473,0.000001213592320,0.003870456
825000,3.141591441468494,0.000001212121299,0.003874821
826000,3.141591442935955,0.000001210653838,0.003879182
827000,3.141591444399866,0.000001209189927,0.003883572
828000,3.141591445860235,0.000001207729558,0.003887893
829000,3.141591447317086,0.000001206272707,0.003892274
830000,3.141591448770426,0.000001204819367,0.003896688
831000,3.141591450220270,0.000001203369524,0.003901100
832000,3.141591451666627,0.000001201923166,0.003905522
833000,3.141591453109511,0.000001200480282,0.003909884
834000,3.141591454548939,0.000001199040854,0.003914251
835000,3.141591455984919,0.000001197604874,0.003918635
836000,3.141591457417465,0.000001196172328,0.003923009
837000,3.141591458846582,0.000001194743211,0.003927387
838000,3.141591460272297,0.000001193317496,0.003931706
839000,3.141591461694608,0.000001191895185,0.003936082
840000,3.141591463113524,0.000001190476269,0.003940454
841000,3.141591464529066,0.000001189060727,0.003944789
842000,3.141591465941256,0.000001187648537,0.003949150
843000,3.141591467350099,0.000001186239694,0.003953554
844000,3.141591468755592,0.000001184834201,0.003957967
845000,3.141591470157766,0.000001183432027,0.003962352
846000,3.141591471556628,0.000001182033165,0.003966756
847000,3.141591472952185,0.000001180637608,0.003971122
848000,3.141591474344444,0.000001179245349,0.003975468
849000,3.141591475733431,0.000001177856362,0.003979815
850000,3.141591477119145,0.000001176470648,0.003984184
851000,3.141591478501602,0.000001175088191,0.003988542
852000,3.141591479880812,0.000001173708981,0.003992958
853000,3.141591481256792,0.000001172333001,0.003997375
854000,3.141591482629547,0.000001170960246,0.004001759
855000,3.141591483999091,0.000001169590702,0.004006164
856000,3.141591485365433,0.000001168224360,0.004010556
857000,3.141591486728588,0.000001166861205,0.004014950
858000,3.141591488088569,0.000001165501224,0.004019329
859000,3.141591489445384,0.000001164144409,0.004023722
860000,3.141591490799042,0.000001162790751,0.004028076
861000,3.141591492149555,0.000001161440238,0.004032492
862000,3.141591493496935,0.000001160092858,0.004036861
863000,3.141591494841187,0.000001158748606,0.004041246
864000,3.141591496182333,0.000001157407461,0.004045632
865000,3.141591497520372,0.000001156069422,0.004050055
866000,3.141591498855326,0.000001154734467,0.004054474
867000,3.141591500187199,0.000001153402594,0.004058827
868000,3.141591501516007,0.000001152073787,0.004063203
869000,3.141591502841754,0.000001150748040,0.004067649
870000,3.141591504164452,0.000001149425341,0.004072115
871000,3.141591505484120,0.000001148105673,0.004076459
872000,3.141591506800758,0.000001146789035,0.004080800
873000,3.141591508114377,0.000001145475416,0.004085228
874000,3.141591509424994,0.000001144164799,0.004089595
875000,3.141591510732610,0.000001142857183,0.004093968
876000,3.141591512037244,0.000001141552549,0.004098399
877000,3.141591513338897,0.000001140250896,0.004102747
878000,3.141591514637586,0.000001138952207,0.004108777
879000,3.141591515933318,0.000001137656475,0.004113279
880000,3.141591517226113,0.000001136363680,0.004117665
881000,3.141591518515969,0.000001135073824,0.004122056
882000,3.141591519802904,0.000001133786889,0.004126441
883000,3.141591521086918,0.000001132502875,0.004130832
884000,3.141591522368032,0.000001131221761,0.004135249
885000,3.141591523646257,0.000001129943537,0.004139688
886000,3.141591524921582,0.000001128668211,0.004144041
887000,3.141591526194039,0.000001127395754,0.004148411
888000,3.141591527463629,0.000001126126164,0.004152761
889000,3.141591528730363,0.000001124859430,0.004157125
890000,3.141591529994250,0.000001123595543,0.004161506
891000,3.141591531255303,0.000001122334490,0.004165921
892000,3.141591532513527,0.000001121076266,0.004170262
893000,3.141591533768930,0.000001119820863,0.004174632
894000,3.141591535021530,0.000001118568263,0.004179005
895000,3.141591536271324,0.000001117318469,0.004183393
896000,3.141591537518321,0.000001116071473,0.004187770
897000,3.141591538762550,0.000001114827243,0.004192189
898000,3.141591540004008,0.000001113585785,0.004196588
899000,3.141591541242704,0.000001112347089,0.004200956
900000,3.141591542478651,0.000001111111142,0.004205348
901000,3.141591543711851,0.000001109877942,0.004209701
902000,3.141591544942314,0.000001108647479,0.004214064
903000,3.141591546170045,0.000001107419748,0.004218441
904000,3.141591547395075,0.000001106194718,0.004222829
905000,3.141591548617393,0.000001104972400,0.004227189
906000,3.141591549837014,0.000001103752779,0.004231534
907000,3.141591551053937,0.000001102535856,0.004235875
908000,3.141591552268182,0.000001101321611,0.004240200
909000,3.141591553479754,0.000001100110040,0.004244587
910000,3.141591554688667,0.000001098901126,0.004248975
911000,3.141591555894923,0.000001097694871,0.004253344
912000,3.141591557098538,0.000001096491255,0.004257761
913000,3.141591558299511,0.000001095290282,0.004262119
914000,3.141591559497863,0.000001094091930,0.004266480
915000,3.141591560693590,0.000001092896203,0.004270882
916000,3.141591561886710,0.000001091703083,0.004275295
917000,3.141591563077224,0.000001090512569,0.004279722
918000,3.141591564265155,0.000001089324638,0.004284120
919000,3.141591565450492,0.000001088139301,0.004288520
920000,3.141591566633259,0.000001086956535,0.004292948
921000,3.141591567813447,0.000001085776347,0.004297346
922000,3.141591568991073,0.000001084598721,0.004301702
923000,3.141591570166150,0.000001083423643,0.004306149
924000,3.141591571338692,0.000001082251101,0.004310562
925000,3.141591572508693,0.000001081081100,0.004314965
926000,3.141591573676170,0.000001079913623,0.004319368
927000,3.141591574841122,0.000001078748671,0.004323727
928000,3.141591576003561,0.000001077586232,0.004328082
929000,3.141591577163504,0.000001076426289,0.004332450
930000,3.141591578320951,0.000001075268842,0.004336942
931000,3.141591579475910,0.000001074113883,0.004341294
932000,3.141591580628386,0.000001072961407,0.004345653
933000,3.141591581778401,0.000001071811392,0.004350088
934000,3.141591582925949,0.000001070663844,0.004354481
935000,3.141591584071048,0.000001069518745,0.004358906
936000,3.141591585213697,0.000001068376096,0.004363277
937000,3.141591586353900,0.000001067235893,0.004367651
938000,3.141591587491687,0.000001066098106,0.004372030
939000,3.141591588627045,0.000001064962748,0.004376370
940000,3.141591589759984,0.000001063829810,0.004382806
941000,3.141591590890518,0.000001062699275,0.004387386
942000,3.141591592018652,0.000001061571141,0.004406275
943000,3.141591593144393,0.000001060445400,0.004410783
944000,3.141591594267747,0.000001059322047,0.004415333
945000,3.141591595388723,0.000001058201070,0.004419841
946000,3.141591596507326,0.000001057082467,0.004424350
947000,3.141591597623573,0.000001055966220,0.004441222
948000,3.141591598737462,0.000001054852331,0.004445639
949000,3.141591599849001,0.000001053740792,0.004449945
950000,3.141591600958199,0.000001052631594,0.004454270
951000,3.141591602065074,0.000001051524719,0.004458614
952000,3.141591603169616,0.000001050420177,0.004462898
953000,3.141591604271839,0.000001049317954,0.004471361
954000,3.141591605371755,0.000001048218039,0.004475709
955000,3.141591606469371,0.000001047120422,0.004480115
956000,3.141591607564687,0.000001046025106,0.004484516
957000,3.141591608657715,0.000001044932078,0.004488848
958000,3.141591609748461,0.000001043841332,0.004493224
959000,3.141591610836930,0.000001042752864,0.004497576
960000,3.141591611923127,0.000001041666666,0.004501999
961000,3.141591613007066,0.000001040582727,0.004506386
962000,3.141591614088752,0.000001039501041,0.004510792
963000,3.141591615168193,0.000001038421600,0.004515162
964000,3.141591616245395,0.000001037344398,0.004519530
965000,3.141591617320358,0.000001036269435,0.004523879
966000,3.141591618393096,0.000001035196697,0.004528235
967000,3.141591619463613,0.000001034126180,0.004532550
968000,3.141591620531921,0.000001033057872,0.004536953
969000,3.141591621598027,0.000001031991766,0.004541328
970000,3.141591622661936,0.000001030927857,0.004545630
971000,3.141591623723654,0.000001029866139,0.004550004
972000,3.141591624783187,0.000001028806606,0.004554393
973000,3.141591625840542,0.000001027749251,0.004558767
974000,3.141591626895731,0.000001026694062,0.004563140
975000,3.141591627948749,0.000001025641045,0.004567557
976000,3.141591628999613,0.000001024590180,0.004571962
977000,3.141591630048326,0.000001023541467,0.004576323
978000,3.141591631094892,0.000001022494901,0.004580704
979000,3.141591632139324,0.000001021450470,0.004585132
980000,3.141591633181616,0.000001020408177,0.004589511
981000,3.141591634221783,0.000001019368010,0.004593921
982000,3.141591635259839,0.000001018329955,0.004598329
983000,3.141591636295779,0.000001017294014,0.004602699
984000,3.141591637329623,0.000001016260170,0.004607096
985000,3.141591638361356,0.000001015228437,0.004611536
986000,3.141591639390996,0.000001014198797,0.004615882
987000,3.141591640418553,0.000001013171240,0.004620288
988000,3.141591641444025,0.000001012145768,0.004624703
989000,3.141591642467435,0.000001011122358,0.004629033
990000,3.141591643488771,0.000001010101022,0.004633400
991000,3.141591644508047,0.000001009081746,0.004637833
992000,3.141591645525270,0.000001008064523,0.004642175
993000,3.141591646540439,0.000001007049355,0.004646599
994000,3.141591647553569,0.000001006036224,0.004650997
995000,3.141591648564662,0.000001005025132,0.004655343
996000,3.141591649573715,0.000001004016078,0.004659731
997000,3.141591650580754,0.000001003009039,0.004664139
998000,3.141591651585771,0.000001002004022,0.004668506
999000,3.141591652588780,0.000001001001013,0.004672862
999999,3.141593653590774,0.000001000000981,0.004677187
